model,basis,d,p,logical_type,p_round,eps_boundary,p_round_single,errors,rounds_used
uniform,x,3,0.001,Z,0.00028921569571355166,9.34627776093544e-05,0.00032943504278160063,150,"[3, 6, 9]"
uniform,x,3,0.002,Z,0.0011217567472756595,-3.62452955245951e-05,0.0010464495896238546,153,"[3, 6, 9]"
uniform,x,3,0.003,Z,0.0020700379187575946,0.0023252789965493292,0.002787769784669769,152,"[3, 6, 9]"
uniform,x,3,0.005,Z,0.006102347272443687,0.002523699642548227,0.006500124234320337,164,"[3, 6, 9]"
uniform,x,5,0.001,Z,3.0579245683837186e-05,2.8488899147249835e-05,3.300217821566864e-05,99,"[5, 10, 15]"
uniform,x,5,0.002,Z,0.00020780679091814136,0.00032661020260871254,0.00023778388136863615,150,"[5, 10, 15]"
uniform,x,5,0.003,Z,0.0007816159860546956,0.00028680817611570486,0.0007872536178540335,151,"[5, 10, 15]"
uniform,x,5,0.005,Z,0.004137770581054634,-0.005153080369846963,0.0032457886035412997,153,"[5, 10, 15]"
uniform,x,7,0.001,Z,3.679942187972962e-06,-5.819475316637401e-06,2.3928743203560643e-06,67,"[7, 14, 21]"
uniform,x,7,0.002,Z,6.537787342691948e-05,-0.00022605610010639765,3.782753942160877e-05,150,"[7, 14, 21]"
uniform,x,7,0.003,Z,0.0003044938056090962,-0.0005269655990300937,0.0002459933627062538,151,"[7, 14, 21]"
uniform,x,7,0.005,Z,0.0019604770983382425,-0.0015272348491465193,0.0016698382358273367,158,"[7, 14, 21]"
uniform,z,3,0.001,X,0.0002005372072735323,0.0002133253735241425,0.00027093957748203223,150,"[3, 6, 9]"
uniform,z,3,0.002,X,0.0009699526735957864,-2.387087546518174e-06,0.0009851534317463218,153,"[3, 6, 9]"
uniform,z,3,0.003,X,0.0021045412833138877,0.0006395183720880881,0.002316669851184283,151,"[3, 6, 9]"
uniform,z,3,0.005,X,0.00500612101244885,0.0027101214513566285,0.006500124234320337,152,"[3, 6, 9]"
uniform,z,5,0.001,X,3.497211597358607e-05,-5.26457657537005e-05,2.7668197682628737e-05,83,"[5, 10, 15]"
uniform,z,5,0.002,X,0.0001905671288340849,0.00014306787940632226,0.00021508924608426572,150,"[5, 10, 15]"
uniform,z,5,0.003,X,0.0007291568264151116,-0.0001933660679873661,0.000771893795755485,150,"[5, 10, 15]"
uniform,z,5,0.005,X,0.002770434784876541,0.0017136933245771035,0.002966275603640045,155,"[5, 10, 15]"
uniform,z,7,0.001,X,2.819441084211949e-06,1.2710255843928486e-06,2.785737566624036e-06,78,"[7, 14, 21]"
uniform,z,7,0.002,X,5.431862788740638e-05,-0.000140071966691524,3.859496842384402e-05,150,"[7, 14, 21]"
uniform,z,7,0.003,X,0.00022330712126739094,-0.00034169424104746327,0.00019520145810836276,150,"[7, 14, 21]"
uniform,z,7,0.005,X,0.001680123627685881,-0.0010452161241165658,0.0015029014908006788,153,"[7, 14, 21]"
