model,basis,d,p,rounds,shots,errors,p_shot,logical_type
uniform,z,3,0.001,3,184593,150,0.0008125985275714,X
uniform,z,3,0.001,6,105745,150,0.0014185067851907,X
uniform,z,3,0.001,9,75025,151,0.0020126624458513,X
uniform,z,3,0.002,3,52497,155,0.0029525496695049,X
uniform,z,3,0.002,6,26897,153,0.0056883667323493,X
uniform,z,3,0.002,9,17681,154,0.0087099145975906,X
uniform,z,3,0.003,3,21777,151,0.0069339211094273,X
uniform,z,3,0.003,6,11537,151,0.013088324521106,X
uniform,z,3,0.003,9,8465,163,0.0192557590076786,X
uniform,z,3,0.005,3,8465,164,0.0193738924985233,X
uniform,z,3,0.005,6,5393,152,0.0281846838494344,X
uniform,z,3,0.005,9,3345,159,0.0475336322869955,X
uniform,z,5,0.001,5,600000,83,0.0001383333333333,X
uniform,z,5,0.001,10,566545,150,0.0002647627284681,X
uniform,z,5,0.001,15,307473,150,0.0004878477134577,X
uniform,z,5,0.002,5,139537,150,0.0010749836960806,X
uniform,z,5,0.002,10,71953,150,0.0020846941753644,X
uniform,z,5,0.002,15,50449,150,0.0029732997680826,X
uniform,z,5,0.003,5,39185,151,0.0038535153757815,X
uniform,z,5,0.003,10,24849,155,0.0062376755603847,X
uniform,z,5,0.003,15,13585,150,0.0110415899889584,X
uniform,z,5,0.005,5,10513,155,0.0147436507181584,X
uniform,z,5,0.005,10,5393,161,0.0298535138142036,X
uniform,z,5,0.005,15,4369,179,0.0409704737926298,X
uniform,z,7,0.001,7,4000000,78,1.95e-05,X
uniform,z,7,0.001,14,2742545,120,4.3754979407812814e-05,X
uniform,z,7,0.001,21,2034961,120,5.896918909011033e-05,X
uniform,z,7,0.002,7,555281,150,0.0002701334999756,X
uniform,z,7,0.002,14,269585,151,0.0005601201847283,X
uniform,z,7,0.002,21,145681,150,0.0010296469683761,X
uniform,z,7,0.003,7,109841,150,0.0013656102912391,X
uniform,z,7,0.003,14,60689,151,0.0024880950419351,X
uniform,z,7,0.003,21,35089,157,0.0044743366867109,X
uniform,z,7,0.005,7,14609,153,0.0104729960982955,X
uniform,z,7,0.005,14,7441,166,0.0223088294584061,X
uniform,z,7,0.005,21,5393,178,0.0330057481921008,X
